{
  "evaluation": {
    "total_pnl": 142.50000000000003,
    "win_rate": 1.0,
    "num_trades": 49,
    "wins": 49,
    "losses": 0,
    "sharpe_ratio": 3.308537573940831,
    "num_markets": 200
  },
  "current_model_eval": {
    "total_pnl": 0.0,
    "win_rate": 0.0,
    "num_trades": 0,
    "wins": 0,
    "losses": 0,
    "sharpe_ratio": 0.0,
    "num_markets": 200
  },
  "n_episodes": 30,
  "n_samples_per_episode": 500,
  "training_timestamp": 1770642552.253623,
  "version": "v20260209_130912",
  "timestamp": "20260209_130912",
  "created_at": "2026-02-09T13:09:12.258145",
  "q_states": 204,
  "epsilon": 0.995
}