{
  "evaluation": {
    "total_pnl": -11969.400000000001,
    "win_rate": 0.0,
    "num_trades": 120,
    "wins": 0,
    "losses": 120,
    "sharpe_ratio": -2597.1385851564796,
    "num_markets": 200
  },
  "current_model_eval": {
    "total_pnl": -11969.400000000001,
    "win_rate": 0.0,
    "num_trades": 120,
    "wins": 0,
    "losses": 120,
    "sharpe_ratio": -2597.1385851564796,
    "num_markets": 200
  },
  "n_episodes": 30,
  "n_samples_per_episode": 500,
  "training_timestamp": 1770776718.574233,
  "version": "v20260211_022518",
  "timestamp": "20260211_022518",
  "created_at": "2026-02-11T02:25:18.578665",
  "q_states": 371,
  "epsilon": 0.08207349635861416
}