{
  "mean": [
    0.12482000223174691,
    0.39183000316768885,
    0.5013299979716539,
    0.4855,
    0.0,
    -0.00048000001907348635
  ],
  "std": [
    0.13136197375746136,
    0.2387598162804315,
    0.358296286899165,
    0.4997897057763481,
    1e-08,
    0.023521684547877335
  ]
}