{
  "evaluation": {
    "total_pnl": 20313.00000000001,
    "win_rate": 0.38461538461538464,
    "num_trades": 130,
    "wins": 50,
    "losses": 80,
    "sharpe_ratio": 0.48224734317567775,
    "num_markets": 200
  },
  "current_model_eval": {
    "total_pnl": 20313.00000000001,
    "win_rate": 0.38461538461538464,
    "num_trades": 130,
    "wins": 50,
    "losses": 80,
    "sharpe_ratio": 0.48224734317567775,
    "num_markets": 200
  },
  "n_episodes": 30,
  "n_samples_per_episode": 500,
  "training_timestamp": 1770747908.001445,
  "version": "v20260210_182508",
  "timestamp": "20260210_182508",
  "created_at": "2026-02-10T18:25:08.004838",
  "q_states": 472,
  "epsilon": 0.08207349635861416
}