{
  "evaluation": {
    "total_pnl": -2577.399763233165,
    "win_rate": 0.5522388059701493,
    "num_trades": 67,
    "wins": 37,
    "losses": 30,
    "sharpe_ratio": -0.6384755460010605,
    "num_markets": 200
  },
  "current_model_eval": {
    "total_pnl": 0.0,
    "win_rate": 0.0,
    "num_trades": 0,
    "wins": 0,
    "losses": 0,
    "sharpe_ratio": 0.0,
    "num_markets": 200
  },
  "n_episodes": 30,
  "n_samples_per_episode": 500,
  "training_timestamp": 1770617347.7245922,
  "version": "v20260209_060907",
  "timestamp": "20260209_060907",
  "created_at": "2026-02-09T06:09:07.731768",
  "q_states": 166,
  "epsilon": 0.995
}