{
  "evaluation": {
    "total_pnl": 2075.291185489405,
    "win_rate": 1.0,
    "num_trades": 65,
    "wins": 65,
    "losses": 0,
    "sharpe_ratio": 8.397345943361174,
    "num_markets": 200
  },
  "current_model_eval": {
    "total_pnl": 0.0,
    "win_rate": 0.0,
    "num_trades": 0,
    "wins": 0,
    "losses": 0,
    "sharpe_ratio": 0.0,
    "num_markets": 200
  },
  "n_episodes": 30,
  "n_samples_per_episode": 500,
  "training_timestamp": 1770612404.378346,
  "version": "v20260209_044644",
  "timestamp": "20260209_044644",
  "created_at": "2026-02-09T04:46:44.380843",
  "q_states": 167,
  "epsilon": 0.995
}