{
  "evaluation": {
    "total_pnl": 45287.999999999935,
    "win_rate": 1.0,
    "num_trades": 80,
    "wins": 80,
    "losses": 0,
    "sharpe_ratio": 4979468259871950.0,
    "num_markets": 200
  },
  "current_model_eval": {
    "total_pnl": 33965.99999999996,
    "win_rate": 1.0,
    "num_trades": 60,
    "wins": 60,
    "losses": 0,
    "sharpe_ratio": 4979468259871948.0,
    "num_markets": 200
  },
  "n_episodes": 30,
  "n_samples_per_episode": 500,
  "training_timestamp": 1770755107.89467,
  "version": "v20260210_202507",
  "timestamp": "20260210_202507",
  "created_at": "2026-02-10T20:25:07.898219",
  "q_states": 428,
  "epsilon": 0.11095505600824203
}