{
  "evaluation": {
    "total_pnl": 95.62000000000002,
    "win_rate": 1.0,
    "num_trades": 67,
    "wins": 67,
    "losses": 0,
    "sharpe_ratio": 2.973589933417552,
    "num_markets": 200
  },
  "current_model_eval": {
    "total_pnl": 95.62000000000002,
    "win_rate": 1.0,
    "num_trades": 67,
    "wins": 67,
    "losses": 0,
    "sharpe_ratio": 2.973589933417552,
    "num_markets": 200
  },
  "n_episodes": 30,
  "n_samples_per_episode": 500,
  "training_timestamp": 1770731640.756798,
  "version": "v20260210_135400",
  "timestamp": "20260210_135400",
  "created_at": "2026-02-10T13:54:00.760141",
  "q_states": 402,
  "epsilon": 0.995
}