{
  "evaluation": {
    "total_pnl": 62.979999999999976,
    "win_rate": 1.0,
    "num_trades": 67,
    "wins": 67,
    "losses": 0,
    "sharpe_ratio": 692930840002358.8,
    "num_markets": 200
  },
  "current_model_eval": {
    "total_pnl": 57.33999999999999,
    "win_rate": 1.0,
    "num_trades": 61,
    "wins": 61,
    "losses": 0,
    "sharpe_ratio": 665920005158008.8,
    "num_markets": 200
  },
  "n_episodes": 30,
  "n_samples_per_episode": 500,
  "training_timestamp": 1770674039.193811,
  "version": "v20260209_215359",
  "timestamp": "20260209_215359",
  "created_at": "2026-02-09T21:53:59.196532",
  "q_states": 184,
  "epsilon": 0.995
}