{
  "evaluation": {
    "total_pnl": 214.39999999999998,
    "win_rate": 1.0,
    "num_trades": 64,
    "wins": 64,
    "losses": 0,
    "sharpe_ratio": 5.449676552660161,
    "num_markets": 200
  },
  "current_model_eval": {
    "total_pnl": 167.20000000000005,
    "win_rate": 1.0,
    "num_trades": 49,
    "wins": 49,
    "losses": 0,
    "sharpe_ratio": 5.2831245530624455,
    "num_markets": 200
  },
  "n_episodes": 30,
  "n_samples_per_episode": 500,
  "training_timestamp": 1770695639.7142432,
  "version": "v20260210_035359",
  "timestamp": "20260210_035359",
  "created_at": "2026-02-10T03:53:59.718471",
  "q_states": 321,
  "epsilon": 0.995
}