{
  "evaluation": {
    "total_pnl": 47.68000000000003,
    "win_rate": 1.0,
    "num_trades": 23,
    "wins": 23,
    "losses": 0,
    "sharpe_ratio": 3.351648449068609,
    "num_markets": 200
  },
  "current_model_eval": {
    "total_pnl": 0.0,
    "win_rate": 0.0,
    "num_trades": 0,
    "wins": 0,
    "losses": 0,
    "sharpe_ratio": 0.0,
    "num_markets": 200
  },
  "n_episodes": 30,
  "n_samples_per_episode": 500,
  "training_timestamp": 1770641219.6818938,
  "version": "v20260209_124659",
  "timestamp": "20260209_124659",
  "created_at": "2026-02-09T12:46:59.684580",
  "q_states": 208,
  "epsilon": 0.995
}