{
  "evaluation": {
    "total_pnl": 372.3099999999999,
    "win_rate": 1.0,
    "num_trades": 51,
    "wins": 51,
    "losses": 0,
    "sharpe_ratio": 2.3055274301278965,
    "num_markets": 200
  },
  "current_model_eval": {
    "total_pnl": 0.0,
    "win_rate": 0.0,
    "num_trades": 0,
    "wins": 0,
    "losses": 0,
    "sharpe_ratio": 0.0,
    "num_markets": 200
  },
  "n_episodes": 30,
  "n_samples_per_episode": 500,
  "training_timestamp": 1770623216.462077,
  "version": "v20260209_074656",
  "timestamp": "20260209_074656",
  "created_at": "2026-02-09T07:46:56.464494",
  "q_states": 175,
  "epsilon": 0.995
}