{
  "evaluation": {
    "total_pnl": -13366.5,
    "win_rate": 0.0,
    "num_trades": 134,
    "wins": 0,
    "losses": 134,
    "sharpe_ratio": 0.0,
    "num_markets": 200
  },
  "current_model_eval": {
    "total_pnl": -10006.5,
    "win_rate": 0.23880597014925373,
    "num_trades": 134,
    "wins": 32,
    "losses": 102,
    "sharpe_ratio": -1.6680836500983665,
    "num_markets": 200
  },
  "n_episodes": 5,
  "n_samples_per_episode": 500,
  "training_timestamp": 1770759309.799086,
  "model_type": "dqn",
  "version": "v20260210_213509",
  "timestamp": "20260210_213509",
  "created_at": "2026-02-10T21:35:10.816450",
  "train_steps": 40,
  "epsilon": 0.14628731296828124
}