{
  "mean": [
    0.07148437617579476,
    0.39667969118454494,
    0.48843750369996997,
    0.469140625,
    0.0,
    0.0035742188920266926
  ],
  "std": [
    0.08736230244164953,
    0.22311867437506966,
    0.382854080318212,
    0.49904679036600486,
    1e-08,
    0.02677157456681871
  ]
}