{
  "evaluation": {
    "total_pnl": 2811.0,
    "win_rate": 1.0,
    "num_trades": 49,
    "wins": 49,
    "losses": 0,
    "sharpe_ratio": 5.400379529488928,
    "num_markets": 200
  },
  "current_model_eval": {
    "total_pnl": 0.0,
    "win_rate": 0.0,
    "num_trades": 0,
    "wins": 0,
    "losses": 0,
    "sharpe_ratio": 0.0,
    "num_markets": 200
  },
  "n_episodes": 30,
  "n_samples_per_episode": 500,
  "training_timestamp": 1770601602.5124228,
  "version": "v20260209_014642",
  "timestamp": "20260209_014642",
  "created_at": "2026-02-09T01:46:42.514042",
  "q_states": 166,
  "epsilon": 0.995
}