{
  "evaluation": {
    "total_pnl": -4060.899999999997,
    "win_rate": 0.42857142857142855,
    "num_trades": 126,
    "wins": 54,
    "losses": 72,
    "sharpe_ratio": -0.4086614600340981,
    "num_markets": 200
  },
  "current_model_eval": {
    "total_pnl": -4060.899999999997,
    "win_rate": 0.42857142857142855,
    "num_trades": 126,
    "wins": 54,
    "losses": 72,
    "sharpe_ratio": -0.4086614600340981,
    "num_markets": 200
  },
  "n_episodes": 30,
  "n_samples_per_episode": 500,
  "training_timestamp": 1770762308.877814,
  "version": "v20260210_222508",
  "timestamp": "20260210_222508",
  "created_at": "2026-02-10T22:25:08.880795",
  "q_states": 476,
  "epsilon": 0.08207349635861416
}