{
  "evaluation": {
    "total_pnl": 40.860000000000035,
    "win_rate": 1.0,
    "num_trades": 10,
    "wins": 10,
    "losses": 0,
    "sharpe_ratio": 6.720212946836773,
    "num_markets": 200
  },
  "current_model_eval": {
    "total_pnl": 0.0,
    "win_rate": 0.0,
    "num_trades": 0,
    "wins": 0,
    "losses": 0,
    "sharpe_ratio": 0.0,
    "num_markets": 200
  },
  "n_episodes": 30,
  "n_samples_per_episode": 500,
  "training_timestamp": 1770635350.983982,
  "version": "v20260209_110910",
  "timestamp": "20260209_110910",
  "created_at": "2026-02-09T11:09:10.989311",
  "q_states": 195,
  "epsilon": 0.995
}