{
  "evaluation": {
    "total_pnl": 31514.069999999992,
    "win_rate": 1.0,
    "num_trades": 66,
    "wins": 66,
    "losses": 0,
    "sharpe_ratio": 2.027696525273587,
    "num_markets": 200
  },
  "current_model_eval": {
    "total_pnl": 0.0,
    "win_rate": 0.0,
    "num_trades": 0,
    "wins": 0,
    "losses": 0,
    "sharpe_ratio": 0.0,
    "num_markets": 200
  },
  "n_episodes": 30,
  "n_samples_per_episode": 500,
  "training_timestamp": 1770634018.4212968,
  "version": "v20260209_104658",
  "timestamp": "20260209_104658",
  "created_at": "2026-02-09T10:46:58.423711",
  "q_states": 189,
  "epsilon": 0.995
}