{
  "evaluation": {
    "total_pnl": -840.6189092625924,
    "win_rate": 0.0,
    "num_trades": 29,
    "wins": 0,
    "losses": 29,
    "sharpe_ratio": -2.7132512382797533,
    "num_markets": 200
  },
  "current_model_eval": {
    "total_pnl": 0.0,
    "win_rate": 0.0,
    "num_trades": 0,
    "wins": 0,
    "losses": 0,
    "sharpe_ratio": 0.0,
    "num_markets": 200
  },
  "n_episodes": 30,
  "n_samples_per_episode": 500,
  "training_timestamp": 1770608803.711113,
  "version": "v20260209_034643",
  "timestamp": "20260209_034643",
  "created_at": "2026-02-09T03:46:43.716710",
  "q_states": 168,
  "epsilon": 0.995
}