{
  "evaluation": {
    "total_pnl": 65667.59999999989,
    "win_rate": 1.0,
    "num_trades": 116,
    "wins": 116,
    "losses": 0,
    "sharpe_ratio": 4979468259871950.0,
    "num_markets": 200
  },
  "current_model_eval": {
    "total_pnl": 65667.59999999989,
    "win_rate": 1.0,
    "num_trades": 116,
    "wins": 116,
    "losses": 0,
    "sharpe_ratio": 4979468259871950.0,
    "num_markets": 200
  },
  "n_episodes": 30,
  "n_samples_per_episode": 500,
  "training_timestamp": 1770791110.976676,
  "version": "v20260211_062510",
  "timestamp": "20260211_062510",
  "created_at": "2026-02-11T06:25:10.981356",
  "q_states": 499,
  "epsilon": 0.08207349635861416
}