{
  "evaluation": {
    "total_pnl": 63403.19999999989,
    "win_rate": 1.0,
    "num_trades": 112,
    "wins": 112,
    "losses": 0,
    "sharpe_ratio": 4979468259871950.0,
    "num_markets": 200
  },
  "current_model_eval": {
    "total_pnl": 55477.79999999991,
    "win_rate": 1.0,
    "num_trades": 98,
    "wins": 98,
    "losses": 0,
    "sharpe_ratio": 4979468259871950.0,
    "num_markets": 200
  },
  "n_episodes": 30,
  "n_samples_per_episode": 500,
  "training_timestamp": 1770791122.125864,
  "version": "v20260211_062522",
  "timestamp": "20260211_062522",
  "created_at": "2026-02-11T06:25:22.129979",
  "q_states": 379,
  "epsilon": 0.08207349635861416
}