{
  "evaluation": {
    "total_pnl": 72664.19999999995,
    "win_rate": 1.0,
    "num_trades": 134,
    "wins": 134,
    "losses": 0,
    "sharpe_ratio": 7.136825590549116,
    "num_markets": 200
  },
  "current_model_eval": {
    "total_pnl": 72664.19999999995,
    "win_rate": 1.0,
    "num_trades": 134,
    "wins": 134,
    "losses": 0,
    "sharpe_ratio": 7.136825590549116,
    "num_markets": 200
  },
  "n_episodes": 30,
  "n_samples_per_episode": 500,
  "training_timestamp": 1770747911.760683,
  "version": "v20260210_182511",
  "timestamp": "20260210_182511",
  "created_at": "2026-02-10T18:25:11.763780",
  "q_states": 325,
  "epsilon": 0.11095505600824203
}