{
  "evaluation": {
    "total_pnl": -6613.6999999999925,
    "win_rate": 0.2835820895522388,
    "num_trades": 134,
    "wins": 38,
    "losses": 96,
    "sharpe_ratio": -0.5787176101644559,
    "num_markets": 200
  },
  "current_model_eval": {
    "total_pnl": 12313.500000000004,
    "win_rate": 1.0,
    "num_trades": 36,
    "wins": 36,
    "losses": 0,
    "sharpe_ratio": 2.329490186240924,
    "num_markets": 200
  },
  "n_episodes": 100,
  "n_samples_per_episode": 500,
  "training_timestamp": 1770759508.761733,
  "model_type": "dqn",
  "version": "v20260210_213828",
  "timestamp": "20260210_213828",
  "created_at": "2026-02-10T21:38:29.794999",
  "train_steps": 800,
  "epsilon": 0.09086556547360912
}