{
  "mean": [
    0.11313000204339624,
    0.41067000308409335,
    0.4608099972508848,
    0.4436,
    0.0,
    0.003690000146627426
  ],
  "std": [
    0.11068244464621808,
    0.24297149995023049,
    0.38003965694226055,
    0.4968088566038258,
    1e-08,
    0.03059222081473385
  ]
}