{
  "evaluation": {
    "total_pnl": -2216.065,
    "win_rate": 0.18518518518518517,
    "num_trades": 27,
    "wins": 5,
    "losses": 22,
    "sharpe_ratio": -1.723876024988477,
    "num_markets": 200
  },
  "current_model_eval": {
    "total_pnl": 0.0,
    "win_rate": 0.0,
    "num_trades": 0,
    "wins": 0,
    "losses": 0,
    "sharpe_ratio": 0.0,
    "num_markets": 200
  },
  "n_episodes": 30,
  "n_samples_per_episode": 500,
  "training_timestamp": 1770630417.607697,
  "version": "v20260209_094657",
  "timestamp": "20260209_094657",
  "created_at": "2026-02-09T09:46:57.614705",
  "q_states": 186,
  "epsilon": 0.995
}