{
  "evaluation": {
    "total_pnl": -640.8000000000005,
    "win_rate": 0.5454545454545454,
    "num_trades": 33,
    "wins": 18,
    "losses": 15,
    "sharpe_ratio": -0.6419727344382048,
    "num_markets": 200
  },
  "current_model_eval": {
    "total_pnl": 0.0,
    "win_rate": 0.0,
    "num_trades": 0,
    "wins": 0,
    "losses": 0,
    "sharpe_ratio": 0.0,
    "num_markets": 200
  },
  "n_episodes": 30,
  "n_samples_per_episode": 500,
  "training_timestamp": 1770628149.640102,
  "version": "v20260209_090909",
  "timestamp": "20260209_090909",
  "created_at": "2026-02-09T09:09:09.642305",
  "q_states": 179,
  "epsilon": 0.995
}