{
  "evaluation": {
    "total_pnl": -3396.799999999992,
    "win_rate": 0.16981132075471697,
    "num_trades": 106,
    "wins": 18,
    "losses": 88,
    "sharpe_ratio": -0.21338891138922444,
    "num_markets": 200
  },
  "current_model_eval": {
    "total_pnl": 23261.2,
    "win_rate": 0.5846153846153846,
    "num_trades": 130,
    "wins": 76,
    "losses": 54,
    "sharpe_ratio": 0.7087098574325044,
    "num_markets": 200
  },
  "n_episodes": 30,
  "n_samples_per_episode": 500,
  "training_timestamp": 1770733508.514844,
  "version": "v20260210_142508",
  "timestamp": "20260210_142508",
  "created_at": "2026-02-10T14:25:08.516860",
  "q_states": 313,
  "epsilon": 0.11095505600824203
}