{
  "evaluation": {
    "total_pnl": 4528.8,
    "win_rate": 1.0,
    "num_trades": 8,
    "wins": 8,
    "losses": 0,
    "sharpe_ratio": 0.0,
    "num_markets": 200
  },
  "current_model_eval": {
    "total_pnl": 4528.8,
    "win_rate": 1.0,
    "num_trades": 8,
    "wins": 8,
    "losses": 0,
    "sharpe_ratio": 0.0,
    "num_markets": 200
  },
  "n_episodes": 30,
  "n_samples_per_episode": 500,
  "training_timestamp": 1770747907.593817,
  "version": "v20260210_182507",
  "timestamp": "20260210_182507",
  "created_at": "2026-02-10T18:25:07.596639",
  "q_states": 418,
  "epsilon": 0.11095505600824203
}