{
  "evaluation": {
    "total_pnl": 46.77000000000007,
    "win_rate": 0.53125,
    "num_trades": 32,
    "wins": 17,
    "losses": 15,
    "sharpe_ratio": 0.014029227495965031,
    "num_markets": 200
  },
  "current_model_eval": {
    "total_pnl": 0.0,
    "win_rate": 0.0,
    "num_trades": 0,
    "wins": 0,
    "losses": 0,
    "sharpe_ratio": 0.0,
    "num_markets": 200
  },
  "n_episodes": 30,
  "n_samples_per_episode": 500,
  "training_timestamp": 1770645090.166413,
  "version": "v20260209_135130",
  "timestamp": "20260209_135130",
  "created_at": "2026-02-09T13:51:30.168137",
  "q_states": 213,
  "epsilon": 0.995
}