{
  "evaluation": {
    "total_pnl": -7896.0,
    "win_rate": 0.16666666666666666,
    "num_trades": 96,
    "wins": 16,
    "losses": 80,
    "sharpe_ratio": -2.1019038988498027,
    "num_markets": 200
  },
  "current_model_eval": {
    "total_pnl": -10888.5,
    "win_rate": 0.12698412698412698,
    "num_trades": 126,
    "wins": 16,
    "losses": 110,
    "sharpe_ratio": -2.471851762619198,
    "num_markets": 200
  },
  "n_episodes": 30,
  "n_samples_per_episode": 500,
  "training_timestamp": 1770769508.627601,
  "version": "v20260211_002508",
  "timestamp": "20260211_002508",
  "created_at": "2026-02-11T00:25:08.631063",
  "q_states": 468,
  "epsilon": 0.08207349635861416
}