{
  "evaluation": {
    "total_pnl": -5366.4,
    "win_rate": 0.41964285714285715,
    "num_trades": 112,
    "wins": 47,
    "losses": 65,
    "sharpe_ratio": -0.7628852689024664,
    "num_markets": 200
  },
  "current_model_eval": {
    "total_pnl": -5366.4,
    "win_rate": 0.41964285714285715,
    "num_trades": 112,
    "wins": 47,
    "losses": 65,
    "sharpe_ratio": -0.7628852689024664,
    "num_markets": 200
  },
  "n_episodes": 30,
  "n_samples_per_episode": 500,
  "training_timestamp": 1770762308.2462919,
  "version": "v20260210_222508",
  "timestamp": "20260210_222508",
  "created_at": "2026-02-10T22:25:08.249145",
  "q_states": 466,
  "epsilon": 0.08207349635861416
}