{
  "evaluation": {
    "total_pnl": 2061.96,
    "win_rate": 1.0,
    "num_trades": 67,
    "wins": 67,
    "losses": 0,
    "sharpe_ratio": 3.459542371436587,
    "num_markets": 200
  },
  "current_model_eval": {
    "total_pnl": 0.0,
    "win_rate": 0.0,
    "num_trades": 0,
    "wins": 0,
    "losses": 0,
    "sharpe_ratio": 0.0,
    "num_markets": 200
  },
  "n_episodes": 30,
  "n_samples_per_episode": 500,
  "training_timestamp": 1770598001.818898,
  "version": "v20260209_004641",
  "timestamp": "20260209_004641",
  "created_at": "2026-02-09T00:46:41.820868",
  "q_states": 168,
  "epsilon": 0.995
}