{
  "evaluation": {
    "total_pnl": 41.44000000000001,
    "win_rate": 1.0,
    "num_trades": 23,
    "wins": 23,
    "losses": 0,
    "sharpe_ratio": 1.0834215379772472,
    "num_markets": 200
  },
  "current_model_eval": {
    "total_pnl": 0.0,
    "win_rate": 0.0,
    "num_trades": 0,
    "wins": 0,
    "losses": 0,
    "sharpe_ratio": 0.0,
    "num_markets": 200
  },
  "n_episodes": 30,
  "n_samples_per_episode": 500,
  "training_timestamp": 1770637618.939787,
  "version": "v20260209_114658",
  "timestamp": "20260209_114658",
  "created_at": "2026-02-09T11:46:58.941813",
  "q_states": 209,
  "epsilon": 0.995
}