{
  "evaluation": {
    "total_pnl": 388.5000000000001,
    "win_rate": 1.0,
    "num_trades": 74,
    "wins": 74,
    "losses": 0,
    "sharpe_ratio": 0.0,
    "num_markets": 200
  },
  "current_model_eval": {
    "total_pnl": 325.5000000000001,
    "win_rate": 1.0,
    "num_trades": 62,
    "wins": 62,
    "losses": 0,
    "sharpe_ratio": 5910974510923780.0,
    "num_markets": 200
  },
  "n_episodes": 30,
  "n_samples_per_episode": 500,
  "training_timestamp": 1770827131.3659132,
  "version": "v20260211_162531",
  "timestamp": "20260211_162531",
  "created_at": "2026-02-11T16:25:31.369860",
  "q_states": 428,
  "epsilon": 0.06070979590174856
}