{
  "evaluation": {
    "total_pnl": -729.2199999999996,
    "win_rate": 0.34782608695652173,
    "num_trades": 23,
    "wins": 8,
    "losses": 15,
    "sharpe_ratio": -0.30164809309452345,
    "num_markets": 200
  },
  "current_model_eval": {
    "total_pnl": 0.0,
    "win_rate": 0.0,
    "num_trades": 0,
    "wins": 0,
    "losses": 0,
    "sharpe_ratio": 0.0,
    "num_markets": 200
  },
  "n_episodes": 30,
  "n_samples_per_episode": 500,
  "training_timestamp": 1770644820.31121,
  "version": "v20260209_134700",
  "timestamp": "20260209_134700",
  "created_at": "2026-02-09T13:47:00.313244",
  "q_states": 215,
  "epsilon": 0.995
}