{
  "evaluation": {
    "total_pnl": -1942.6599999999996,
    "win_rate": 0.5074626865671642,
    "num_trades": 67,
    "wins": 34,
    "losses": 33,
    "sharpe_ratio": -0.842288720211514,
    "num_markets": 200
  },
  "current_model_eval": {
    "total_pnl": 237.42000000000002,
    "win_rate": 1.0,
    "num_trades": 62,
    "wins": 62,
    "losses": 0,
    "sharpe_ratio": 3.1582500823764703,
    "num_markets": 200
  },
  "n_episodes": 30,
  "n_samples_per_episode": 500,
  "training_timestamp": 1770710224.63802,
  "version": "v20260210_075704",
  "timestamp": "20260210_075704",
  "created_at": "2026-02-10T07:57:04.640387",
  "q_states": 279,
  "epsilon": 0.995
}