{
  "evaluation": {
    "total_pnl": 17994.300000000007,
    "win_rate": 0.8059701492537313,
    "num_trades": 134,
    "wins": 108,
    "losses": 26,
    "sharpe_ratio": 0.7965268407777534,
    "num_markets": 200
  },
  "current_model_eval": {
    "total_pnl": -13369.69999999998,
    "win_rate": 0.0,
    "num_trades": 134,
    "wins": 0,
    "losses": 134,
    "sharpe_ratio": -514.2800959207499,
    "num_markets": 200
  },
  "n_episodes": 50,
  "n_samples_per_episode": 500,
  "training_timestamp": 1770760708.6828642,
  "model_type": "dqn",
  "version": "v20260210_215828",
  "timestamp": "20260210_215828",
  "created_at": "2026-02-10T21:58:29.662120",
  "train_steps": 400,
  "epsilon": 0.11674688356029621
}