{
  "mean": [
    0.12469000224396587,
    0.39012000321671364,
    0.502629998061806,
    0.4918,
    0.0,
    -0.00013500000536441803
  ],
  "std": [
    0.1323835505671229,
    0.23850866732619486,
    0.35753472728314356,
    0.4999327554781238,
    1e-08,
    0.023189045209646493
  ]
}