{
  "evaluation": {
    "total_pnl": 42559.199999999946,
    "win_rate": 1.0,
    "num_trades": 78,
    "wins": 78,
    "losses": 0,
    "sharpe_ratio": 7.694966045501415,
    "num_markets": 200
  },
  "current_model_eval": {
    "total_pnl": 42559.199999999946,
    "win_rate": 1.0,
    "num_trades": 78,
    "wins": 78,
    "losses": 0,
    "sharpe_ratio": 7.694966045501415,
    "num_markets": 200
  },
  "n_episodes": 30,
  "n_samples_per_episode": 500,
  "training_timestamp": 1770755108.4059572,
  "version": "v20260210_202508",
  "timestamp": "20260210_202508",
  "created_at": "2026-02-10T20:25:08.409508",
  "q_states": 477,
  "epsilon": 0.08207349635861416
}