{
  "evaluation": {
    "total_pnl": 12242.199999999993,
    "win_rate": 0.8125,
    "num_trades": 96,
    "wins": 78,
    "losses": 18,
    "sharpe_ratio": 0.8827993523511132,
    "num_markets": 200
  },
  "current_model_eval": {
    "total_pnl": -1886.7999999999988,
    "win_rate": 0.42105263157894735,
    "num_trades": 38,
    "wins": 16,
    "losses": 22,
    "sharpe_ratio": -0.8404245624503384,
    "num_markets": 200
  },
  "n_episodes": 30,
  "n_samples_per_episode": 500,
  "training_timestamp": 1770740707.352618,
  "version": "v20260210_162507",
  "timestamp": "20260210_162507",
  "created_at": "2026-02-10T16:25:07.355703",
  "q_states": 420,
  "epsilon": 0.11095505600824203
}