{
  "evaluation": {
    "total_pnl": -1626.5700000000002,
    "win_rate": 0.30434782608695654,
    "num_trades": 46,
    "wins": 14,
    "losses": 32,
    "sharpe_ratio": -0.523861246360904,
    "num_markets": 200
  },
  "current_model_eval": {
    "total_pnl": -2236.050000000001,
    "win_rate": 0.25,
    "num_trades": 52,
    "wins": 13,
    "losses": 39,
    "sharpe_ratio": -0.7060763525885049,
    "num_markets": 200
  },
  "n_episodes": 30,
  "n_samples_per_episode": 500,
  "training_timestamp": 1770713709.039998,
  "version": "v20260210_085509",
  "timestamp": "20260210_085509",
  "created_at": "2026-02-10T08:55:09.042285",
  "q_states": 343,
  "epsilon": 0.995
}