{
  "evaluation": {
    "total_pnl": 291.5399999999997,
    "win_rate": 1.0,
    "num_trades": 56,
    "wins": 56,
    "losses": 0,
    "sharpe_ratio": 1.0205993648259992,
    "num_markets": 200
  },
  "current_model_eval": {
    "total_pnl": 33.24000000000003,
    "win_rate": 1.0,
    "num_trades": 21,
    "wins": 21,
    "losses": 0,
    "sharpe_ratio": 2.282097391890801,
    "num_markets": 200
  },
  "n_episodes": 30,
  "n_samples_per_episode": 500,
  "training_timestamp": 1770681239.328385,
  "version": "v20260209_235359",
  "timestamp": "20260209_235359",
  "created_at": "2026-02-09T23:53:59.332643",
  "q_states": 259,
  "epsilon": 0.995
}