{
  "evaluation": {
    "total_pnl": 17591.900000000005,
    "win_rate": 0.45454545454545453,
    "num_trades": 110,
    "wins": 50,
    "losses": 60,
    "sharpe_ratio": 0.5331116978743696,
    "num_markets": 200
  },
  "current_model_eval": {
    "total_pnl": 13991.900000000005,
    "win_rate": 0.3877551020408163,
    "num_trades": 98,
    "wins": 38,
    "losses": 60,
    "sharpe_ratio": 0.45534592650382677,
    "num_markets": 200
  },
  "n_episodes": 30,
  "n_samples_per_episode": 500,
  "training_timestamp": 1770805512.1937149,
  "version": "v20260211_102512",
  "timestamp": "20260211_102512",
  "created_at": "2026-02-11T10:25:12.197049",
  "q_states": 539,
  "epsilon": 0.06070979590174856
}