{
  "evaluation": {
    "total_pnl": 253.45999999999998,
    "win_rate": 1.0,
    "num_trades": 52,
    "wins": 52,
    "losses": 0,
    "sharpe_ratio": 1.113115237176894,
    "num_markets": 200
  },
  "current_model_eval": {
    "total_pnl": -1430.9399999999994,
    "win_rate": 0.36363636363636365,
    "num_trades": 22,
    "wins": 8,
    "losses": 14,
    "sharpe_ratio": -1.2302826561485682,
    "num_markets": 200
  },
  "n_episodes": 30,
  "n_samples_per_episode": 500,
  "training_timestamp": 1770706508.8549461,
  "version": "v20260210_065508",
  "timestamp": "20260210_065508",
  "created_at": "2026-02-10T06:55:08.857257",
  "q_states": 316,
  "epsilon": 0.995
}