{
  "evaluation": {
    "total_pnl": -2448.9299999999994,
    "win_rate": 0.20408163265306123,
    "num_trades": 49,
    "wins": 10,
    "losses": 39,
    "sharpe_ratio": -1.3677288652649684,
    "num_markets": 200
  },
  "current_model_eval": {
    "total_pnl": 167.92000000000016,
    "win_rate": 0.9565217391304348,
    "num_trades": 46,
    "wins": 44,
    "losses": 2,
    "sharpe_ratio": 1.542384911861593,
    "num_markets": 200
  },
  "n_episodes": 30,
  "n_samples_per_episode": 500,
  "training_timestamp": 1770717425.381216,
  "version": "v20260210_095705",
  "timestamp": "20260210_095705",
  "created_at": "2026-02-10T09:57:05.383528",
  "q_states": 277,
  "epsilon": 0.995
}