{
  "evaluation": {
    "total_pnl": 2188.4999999999986,
    "win_rate": 1.0,
    "num_trades": 110,
    "wins": 110,
    "losses": 0,
    "sharpe_ratio": 1.4550881609380066,
    "num_markets": 200
  },
  "current_model_eval": {
    "total_pnl": -41.700000000001936,
    "win_rate": 0.851063829787234,
    "num_trades": 94,
    "wins": 80,
    "losses": 14,
    "sharpe_ratio": -0.010659671943333724,
    "num_markets": 200
  },
  "n_episodes": 30,
  "n_samples_per_episode": 500,
  "training_timestamp": 1770769516.828693,
  "version": "v20260211_002516",
  "timestamp": "20260211_002516",
  "created_at": "2026-02-11T00:25:16.832227",
  "q_states": 335,
  "epsilon": 0.11095505600824203
}