{
  "evaluation": {
    "total_pnl": 379.6999999999996,
    "win_rate": 0.94,
    "num_trades": 50,
    "wins": 47,
    "losses": 3,
    "sharpe_ratio": 0.23977054745171283,
    "num_markets": 200
  },
  "current_model_eval": {
    "total_pnl": 326.6599999999997,
    "win_rate": 0.9230769230769231,
    "num_trades": 39,
    "wins": 36,
    "losses": 3,
    "sharpe_ratio": 0.23385675569877673,
    "num_markets": 200
  },
  "n_episodes": 30,
  "n_samples_per_episode": 500,
  "training_timestamp": 1770724440.5353339,
  "version": "v20260210_115400",
  "timestamp": "20260210_115400",
  "created_at": "2026-02-10T11:54:00.538759",
  "q_states": 396,
  "epsilon": 0.995
}