{
  "evaluation": {
    "total_pnl": 113.27999999999997,
    "win_rate": 0.515625,
    "num_trades": 64,
    "wins": 33,
    "losses": 31,
    "sharpe_ratio": 0.5207268392652853,
    "num_markets": 200
  },
  "current_model_eval": {
    "total_pnl": 113.27999999999997,
    "win_rate": 0.515625,
    "num_trades": 64,
    "wins": 33,
    "losses": 31,
    "sharpe_ratio": 0.5207268392652853,
    "num_markets": 200
  },
  "n_episodes": 30,
  "n_samples_per_episode": 500,
  "training_timestamp": 1770728109.3154619,
  "version": "v20260210_125509",
  "timestamp": "20260210_125509",
  "created_at": "2026-02-10T12:55:09.317809",
  "q_states": 357,
  "epsilon": 0.995
}