{
  "evaluation": {
    "total_pnl": -6350.1,
    "win_rate": 0.029411764705882353,
    "num_trades": 68,
    "wins": 2,
    "losses": 66,
    "sharpe_ratio": -2.489500629423541,
    "num_markets": 200
  },
  "current_model_eval": {
    "total_pnl": -4884.9000000000015,
    "win_rate": 0.175,
    "num_trades": 80,
    "wins": 14,
    "losses": 66,
    "sharpe_ratio": -0.7238352928593548,
    "num_markets": 200
  },
  "n_episodes": 30,
  "n_samples_per_episode": 500,
  "training_timestamp": 1770812711.2216861,
  "version": "v20260211_122511",
  "timestamp": "20260211_122511",
  "created_at": "2026-02-11T12:25:11.224834",
  "q_states": 504,
  "epsilon": 0.06070979590174856
}