{
  "evaluation": {
    "total_pnl": 83.16,
    "win_rate": 0.5522388059701493,
    "num_trades": 67,
    "wins": 37,
    "losses": 30,
    "sharpe_ratio": 0.7176428916294317,
    "num_markets": 200
  },
  "current_model_eval": {
    "total_pnl": 29.400000000000027,
    "win_rate": 0.6363636363636364,
    "num_trades": 11,
    "wins": 7,
    "losses": 4,
    "sharpe_ratio": 1.0865412765095328,
    "num_markets": 200
  },
  "n_episodes": 30,
  "n_samples_per_episode": 500,
  "training_timestamp": 1770692108.5166311,
  "version": "v20260210_025508",
  "timestamp": "20260210_025508",
  "created_at": "2026-02-10T02:55:08.518812",
  "q_states": 267,
  "epsilon": 0.995
}