{
  "evaluation": {
    "total_pnl": 7.540000000000012,
    "win_rate": 0.1044776119402985,
    "num_trades": 67,
    "wins": 7,
    "losses": 60,
    "sharpe_ratio": 0.3244021811805155,
    "num_markets": 200
  },
  "current_model_eval": {
    "total_pnl": 7.540000000000012,
    "win_rate": 0.1044776119402985,
    "num_trades": 67,
    "wins": 7,
    "losses": 60,
    "sharpe_ratio": 0.3244021811805155,
    "num_markets": 200
  },
  "n_episodes": 30,
  "n_samples_per_episode": 500,
  "training_timestamp": 1770720909.129277,
  "version": "v20260210_105509",
  "timestamp": "20260210_105509",
  "created_at": "2026-02-10T10:55:09.131751",
  "q_states": 353,
  "epsilon": 0.995
}