{
  "evaluation": {
    "total_pnl": 0.9400000000000008,
    "win_rate": 0.05,
    "num_trades": 20,
    "wins": 1,
    "losses": 19,
    "sharpe_ratio": 0.22941573387056177,
    "num_markets": 200
  },
  "current_model_eval": {
    "total_pnl": 0.0,
    "win_rate": 0.0,
    "num_trades": 0,
    "wins": 0,
    "losses": 0,
    "sharpe_ratio": 0.0,
    "num_markets": 200
  },
  "n_episodes": 30,
  "n_samples_per_episode": 500,
  "training_timestamp": 1770619615.7972941,
  "version": "v20260209_064655",
  "timestamp": "20260209_064655",
  "created_at": "2026-02-09T06:46:55.799185",
  "q_states": 168,
  "epsilon": 0.995
}