{
  "evaluation": {
    "total_pnl": -2655.799999999992,
    "win_rate": 0.2,
    "num_trades": 110,
    "wins": 22,
    "losses": 88,
    "sharpe_ratio": -0.1578775884088971,
    "num_markets": 200
  },
  "current_model_eval": {
    "total_pnl": 23261.2,
    "win_rate": 0.5846153846153846,
    "num_trades": 130,
    "wins": 76,
    "losses": 54,
    "sharpe_ratio": 0.7087098574325044,
    "num_markets": 200
  },
  "n_episodes": 30,
  "n_samples_per_episode": 500,
  "training_timestamp": 1770740710.172689,
  "version": "v20260210_162510",
  "timestamp": "20260210_162510",
  "created_at": "2026-02-10T16:25:10.175668",
  "q_states": 303,
  "epsilon": 0.11095505600824203
}