{
  "evaluation": {
    "total_pnl": -13366.5,
    "win_rate": 0.0,
    "num_trades": 134,
    "wins": 0,
    "losses": 134,
    "sharpe_ratio": 0.0,
    "num_markets": 200
  },
  "current_model_eval": {
    "total_pnl": -13366.5,
    "win_rate": 0.0,
    "num_trades": 134,
    "wins": 0,
    "losses": 134,
    "sharpe_ratio": 0.0,
    "num_markets": 200
  },
  "n_episodes": 50,
  "n_samples_per_episode": 500,
  "training_timestamp": 1770759333.258243,
  "model_type": "dqn",
  "version": "v20260210_213533",
  "timestamp": "20260210_213533",
  "created_at": "2026-02-10T21:35:34.258045",
  "train_steps": 400,
  "epsilon": 0.11674688356029621
}