{
  "mean": [
    0.07334000119715929,
    0.39874000381827357,
    0.49180000376328825,
    0.4721,
    0.0,
    0.0037650001496076584
  ],
  "std": [
    0.09111116651315995,
    0.22552252887266588,
    0.382223443446206,
    0.4992209831327203,
    1e-08,
    0.026011052050411973
  ]
}