{
  "evaluation": {
    "total_pnl": -300.5000000000001,
    "win_rate": 0.8214285714285714,
    "num_trades": 28,
    "wins": 23,
    "losses": 5,
    "sharpe_ratio": -0.2424322412584189,
    "num_markets": 200
  },
  "current_model_eval": {
    "total_pnl": 0.0,
    "win_rate": 0.0,
    "num_trades": 0,
    "wins": 0,
    "losses": 0,
    "sharpe_ratio": 0.0,
    "num_markets": 200
  },
  "n_episodes": 30,
  "n_samples_per_episode": 500,
  "training_timestamp": 1770631750.308484,
  "version": "v20260209_100910",
  "timestamp": "20260209_100910",
  "created_at": "2026-02-09T10:09:10.311958",
  "q_states": 186,
  "epsilon": 0.995
}