{
  "evaluation": {
    "total_pnl": 54162.59999999994,
    "win_rate": 1.0,
    "num_trades": 122,
    "wins": 122,
    "losses": 0,
    "sharpe_ratio": 3.3480246592848544,
    "num_markets": 200
  },
  "current_model_eval": {
    "total_pnl": 48898.19999999994,
    "win_rate": 1.0,
    "num_trades": 108,
    "wins": 108,
    "losses": 0,
    "sharpe_ratio": 3.4409093976100307,
    "num_markets": 200
  },
  "n_episodes": 30,
  "n_samples_per_episode": 500,
  "training_timestamp": 1770798310.312767,
  "version": "v20260211_082510",
  "timestamp": "20260211_082510",
  "created_at": "2026-02-11T08:25:10.316602",
  "q_states": 485,
  "epsilon": 0.08207349635861416
}