{
  "evaluation": {
    "total_pnl": -3316.795999999999,
    "win_rate": 0.3448275862068966,
    "num_trades": 58,
    "wins": 20,
    "losses": 38,
    "sharpe_ratio": -0.8448273937704356,
    "num_markets": 200
  },
  "current_model_eval": {
    "total_pnl": 0.0,
    "win_rate": 0.0,
    "num_trades": 0,
    "wins": 0,
    "losses": 0,
    "sharpe_ratio": 0.0,
    "num_markets": 200
  },
  "n_episodes": 30,
  "n_samples_per_episode": 500,
  "training_timestamp": 1770645720.206968,
  "version": "v20260209_140200",
  "timestamp": "20260209_140200",
  "created_at": "2026-02-09T14:02:00.208866",
  "q_states": 204,
  "epsilon": 0.995
}