{
  "evaluation": {
    "total_pnl": -2365.420000000001,
    "win_rate": 0.359375,
    "num_trades": 64,
    "wins": 23,
    "losses": 41,
    "sharpe_ratio": -0.4120673716711115,
    "num_markets": 200
  },
  "current_model_eval": {
    "total_pnl": -3886.610000000001,
    "win_rate": 0.04878048780487805,
    "num_trades": 41,
    "wins": 2,
    "losses": 39,
    "sharpe_ratio": -2.3712589203987804,
    "num_markets": 200
  },
  "n_episodes": 30,
  "n_samples_per_episode": 500,
  "training_timestamp": 1770688439.482986,
  "version": "v20260210_015359",
  "timestamp": "20260210_015359",
  "created_at": "2026-02-10T01:53:59.485393",
  "q_states": 288,
  "epsilon": 0.995
}