{
  "evaluation": {
    "total_pnl": 37.09500000000003,
    "win_rate": 0.9259259259259259,
    "num_trades": 27,
    "wins": 25,
    "losses": 2,
    "sharpe_ratio": 1.8110020096293362,
    "num_markets": 200
  },
  "current_model_eval": {
    "total_pnl": 0.0,
    "win_rate": 0.0,
    "num_trades": 0,
    "wins": 0,
    "losses": 0,
    "sharpe_ratio": 0.0,
    "num_markets": 200
  },
  "n_episodes": 30,
  "n_samples_per_episode": 500,
  "training_timestamp": 1770652021.672703,
  "version": "v20260209_154701",
  "timestamp": "20260209_154701",
  "created_at": "2026-02-09T15:47:01.676164",
  "q_states": 453,
  "epsilon": 0.995
}