{
  "evaluation": {
    "total_pnl": 150.64399999999995,
    "win_rate": 1.0,
    "num_trades": 54,
    "wins": 54,
    "losses": 0,
    "sharpe_ratio": 1.1895527786956595,
    "num_markets": 200
  },
  "current_model_eval": {
    "total_pnl": 0.0,
    "win_rate": 0.0,
    "num_trades": 0,
    "wins": 0,
    "losses": 0,
    "sharpe_ratio": 0.0,
    "num_markets": 200
  },
  "n_episodes": 30,
  "n_samples_per_episode": 500,
  "training_timestamp": 1770620948.39728,
  "version": "v20260209_070908",
  "timestamp": "20260209_070908",
  "created_at": "2026-02-09T07:09:08.402150",
  "q_states": 175,
  "epsilon": 0.995
}