{
  "evaluation": {
    "total_pnl": -13366.5,
    "win_rate": 0.0,
    "num_trades": 134,
    "wins": 0,
    "losses": 134,
    "sharpe_ratio": 0.0,
    "num_markets": 200
  },
  "current_model_eval": {
    "total_pnl": -13366.5,
    "win_rate": 0.0,
    "num_trades": 134,
    "wins": 0,
    "losses": 134,
    "sharpe_ratio": 0.0,
    "num_markets": 200
  },
  "n_episodes": 100,
  "n_samples_per_episode": 500,
  "training_timestamp": 1770759413.934297,
  "model_type": "dqn",
  "version": "v20260210_213653",
  "timestamp": "20260210_213653",
  "created_at": "2026-02-10T21:36:54.943108",
  "train_steps": 800,
  "epsilon": 0.09086556547360912
}