{
  "mean": [
    0.07359000119492412,
    0.39691000377982855,
    0.4903700037330389,
    0.4698,
    0.0,
    0.003720000147819519
  ],
  "std": [
    0.0907166586669317,
    0.22496988797376935,
    0.38241504124308906,
    0.4990871266622722,
    1e-08,
    0.026060730112083395
  ]
}