{
  "evaluation": {
    "total_pnl": -1852.9999999999955,
    "win_rate": 0.66,
    "num_trades": 100,
    "wins": 66,
    "losses": 34,
    "sharpe_ratio": -0.3011655786402783,
    "num_markets": 200
  },
  "current_model_eval": {
    "total_pnl": -2286.300000000001,
    "win_rate": 0.30952380952380953,
    "num_trades": 42,
    "wins": 13,
    "losses": 29,
    "sharpe_ratio": -0.7509411913357266,
    "num_markets": 200
  },
  "n_episodes": 30,
  "n_samples_per_episode": 500,
  "training_timestamp": 1770827114.0406559,
  "version": "v20260211_162514",
  "timestamp": "20260211_162514",
  "created_at": "2026-02-11T16:25:14.043891",
  "q_states": 535,
  "epsilon": 0.06070979590174856
}