{
  "evaluation": {
    "total_pnl": -2929.5,
    "win_rate": 0.7213114754098361,
    "num_trades": 122,
    "wins": 88,
    "losses": 34,
    "sharpe_ratio": -0.5100625158286736,
    "num_markets": 200
  },
  "current_model_eval": {
    "total_pnl": -2929.5,
    "win_rate": 0.7213114754098361,
    "num_trades": 122,
    "wins": 88,
    "losses": 34,
    "sharpe_ratio": -0.5100625158286736,
    "num_markets": 200
  },
  "n_episodes": 30,
  "n_samples_per_episode": 500,
  "training_timestamp": 1770812712.834343,
  "version": "v20260211_122512",
  "timestamp": "20260211_122512",
  "created_at": "2026-02-11T12:25:12.837680",
  "q_states": 533,
  "epsilon": 0.06070979590174856
}