{
  "evaluation": {
    "total_pnl": 170.62,
    "win_rate": 0.7611940298507462,
    "num_trades": 67,
    "wins": 51,
    "losses": 16,
    "sharpe_ratio": 0.7401346475819119,
    "num_markets": 200
  },
  "current_model_eval": {
    "total_pnl": 170.62,
    "win_rate": 0.7611940298507462,
    "num_trades": 67,
    "wins": 51,
    "losses": 16,
    "sharpe_ratio": 0.7401346475819119,
    "num_markets": 200
  },
  "n_episodes": 30,
  "n_samples_per_episode": 500,
  "training_timestamp": 1770717240.325737,
  "version": "v20260210_095400",
  "timestamp": "20260210_095400",
  "created_at": "2026-02-10T09:54:00.328580",
  "q_states": 378,
  "epsilon": 0.995
}