{
  "evaluation": {
    "total_pnl": 156.90000000000023,
    "win_rate": 1.0,
    "num_trades": 56,
    "wins": 56,
    "losses": 0,
    "sharpe_ratio": 2.8040443445917584,
    "num_markets": 200
  },
  "current_model_eval": {
    "total_pnl": 156.90000000000023,
    "win_rate": 1.0,
    "num_trades": 56,
    "wins": 56,
    "losses": 0,
    "sharpe_ratio": 2.8040443445917584,
    "num_markets": 200
  },
  "n_episodes": 30,
  "n_samples_per_episode": 500,
  "training_timestamp": 1770659819.643748,
  "version": "v20260209_175659",
  "timestamp": "20260209_175659",
  "created_at": "2026-02-09T17:56:59.645577",
  "q_states": 257,
  "epsilon": 0.995
}