{
  "evaluation": {
    "total_pnl": 19968.3,
    "win_rate": 0.9104477611940298,
    "num_trades": 134,
    "wins": 122,
    "losses": 12,
    "sharpe_ratio": 0.9752521837721259,
    "num_markets": 200
  },
  "current_model_eval": {
    "total_pnl": 2540.300000000015,
    "win_rate": 0.26865671641791045,
    "num_trades": 134,
    "wins": 36,
    "losses": 98,
    "sharpe_ratio": 0.09023576095084464,
    "num_markets": 200
  },
  "n_episodes": 100,
  "n_samples_per_episode": 500,
  "training_timestamp": 1770760696.8598158,
  "model_type": "dqn",
  "version": "v20260210_215816",
  "timestamp": "20260210_215816",
  "created_at": "2026-02-10T21:58:17.839913",
  "train_steps": 800,
  "epsilon": 0.09086556547360912
}