{
  "mean": [
    0.12586000225171448,
    0.38773000313565137,
    0.5072699977204204,
    0.4966,
    0.0,
    4.500000178813934e-05
  ],
  "std": [
    0.13118407277237473,
    0.2366103248840216,
    0.35836733256050846,
    0.49998843986636654,
    1e-08,
    0.02259973485664182
  ]
}