{
  "evaluation": {
    "total_pnl": 57147.299999999945,
    "win_rate": 1.0,
    "num_trades": 134,
    "wins": 134,
    "losses": 0,
    "sharpe_ratio": 2.9485310728267593,
    "num_markets": 200
  },
  "current_model_eval": {
    "total_pnl": -11393.199999999986,
    "win_rate": 0.0,
    "num_trades": 114,
    "wins": 0,
    "losses": 114,
    "sharpe_ratio": -2037.1000010607095,
    "num_markets": 200
  },
  "n_episodes": 30,
  "n_samples_per_episode": 500,
  "training_timestamp": 1770740707.6461089,
  "version": "v20260210_162507",
  "timestamp": "20260210_162507",
  "created_at": "2026-02-10T16:25:07.649061",
  "q_states": 442,
  "epsilon": 0.11095505600824203
}